{"flutter":{"platforms":{"android":{"default":{"projectId":"fit-track-app-104b3","appId":"1:799765349068:android:5f64e76f5158ad2e38f869","fileOutput":"android/app/google-services.json"}},"dart":{"lib/firebase_options.dart":{"projectId":"fit-track-app-104b3","configurations":{"android":"1:799765349068:android:5f64e76f5158ad2e38f869","ios":"1:799765349068:ios:32c4832b76fc5dfa38f869","macos":"1:799765349068:ios:32c4832b76fc5dfa38f869","web":"1:799765349068:web:a3794356bfe4798838f869","windows":"1:799765349068:web:9378842daf340ba638f869"}}}}}}