{
  "project_info": {
    "project_number": "799765349068",
    "project_id": "fit-track-app-104b3",
    "storage_bucket": "fit-track-app-104b3.appspot.com"
  },
  "client": [
    {
      "client_info": {
        "mobilesdk_app_id": "1:799765349068:android:5f64e76f5158ad2e38f869",
        "android_client_info": {
          "package_name": "com.example.fit_track"
        }
      },
      "oauth_client": [],
      "api_key": [
        {
          "current_key": "AIzaSyCfhcZdAQaNbRt36n5d1u7y906-RIdNjGM"
        }
      ],
      "services": {
        "appinvite_service": {
          "other_platform_oauth_client": []
        }
      }
    }
  ],
  "configuration_version": "1"
}